timestamp,character_name,prompt,generated_image_local_path,ref_image_with_sim,first_highest_similarity_score,ref_image_with_2nd_highest_sim,second_highest_similarity_score,assessment,breach,violation
2025-07-07T07:21:01Z,SpongeBob SquarePants,"A cheerful, sponge-like sea creature with a bright yellow, porous body shaped like a kitchen sponge. He has large blue eyes, prominent front teeth, and wears a short-sleeved white shirt with a red tie, brown square pants, and black shoes. His personality is energetic, optimistic, and childlike, and he lives in a pineapple-shaped house under the sea. He works at a fast food restaurant and is often seen with his grumpy octopus neighbor and a pink, cheerful sea snail companion.",static/generated/A_cheerful__sponge-like_sea_cr.png,spongebob1.jpeg,0.8915591239929199,spongebob5.jpeg,0.8864205479621887,,False,
timestamp,character_name,prompt,generated_image_local_path,ref_image_with_sim,highest_similarity_score,ref_image_with_2nd_highest_sim,second_highest_similarity_score,assessment,breach,violation
2025-07-03T14:14:26Z,,snow fall in the summer over a river,static/generated/snow_fall_in_the_summer_over_a.png,elas4.jpeg,0.7390328049659729,elas2.jpeg,0.732269287109375,,False,
2025-07-03T14:16:27Z,SpongeBob SquarePants,spoungebob squerpants playing hopschotch,static/generated/spoungebob_squerpants_playing_.png,spongebob1.jpeg,0.9482470750808716,spongebob7.jpeg,0.9481616616249084,"The image contains a depiction of the copyrighted character SpongeBob SquarePants, including specific attributes such as his distinctive outfit (white shirt, brown shorts, red tie), color scheme (yellow, brown, white, red), and facial features (exaggerated eyes and smile).",True,"The image contains a depiction of the copyrighted character SpongeBob SquarePants, including specific attributes such as his distinctive outfit (white shirt, brown shorts, red tie), color scheme (yellow, brown, white, red), and facial features (exaggerated eyes and smile)."
2025-07-03T14:31:48Z,Darth Vader,"Darth Vader standing on a cliff at sunset, his cape blowing in the wind, glowing red lightsaber in hand, dramatic cinematic lighting, Star Wars style",static/generated/Darth_Vader_standing_on_a_clif.png,darthVader2.jpeg,0.9274687170982361,darthVader8.jpeg,0.9274337887763977,"The image features a character dressed as Darth Vader, a copyrighted character from the Star Wars franchise. The outfit includes a black costume with a helmet, cape, gloves, and armor, all characteristic of Darth Vader. The accessories include two red lightsabers, which are iconic to the character. The color scheme of black and red, along with the masked facial features, further aligns with Darth Vader's appearance.",True,"The image features a character dressed as Darth Vader, a copyrighted character from the Star Wars franchise. The outfit includes a black costume with a helmet, cape, gloves, and armor, all characteristic of Darth Vader. The accessories include two red lightsabers, which are iconic to the character. The color scheme of black and red, along with the masked facial features, further aligns with Darth Vader's appearance."
2025-07-03T14:35:14Z,,"A fierce and original character standing on a cliff at sunset, dressed in a vibrant costume of deep blue and silver, with a flowing cape that shimmers in the wind. The character wields a glowing staff topped with a radiant crystal, surrounded by dramatic cinematic lighting. The character sports a striking, elaborate hairstyle with feathers interwoven, and wears a unique headpiece made from metallic elements. The backdrop features rugged cliffs and a dynamic sky with hues of orange and purple, creating an epic and fantastical atmosphere.",static/generated/A_unique_character_standing_on.png,darthVader2.jpeg,0.8101363182067871,darthVader8.jpeg,0.808609127998352,,False,
2025-07-03T14:37:17Z,The image depicts a woman standing in a snowy fore...,"Elsa casting an ice spell in a snowy forest, glowing ice crystals in the air, magical lighting, Disney style",static/generated/Elsa_casting_an_ice_spell_in_a.png,elas4.jpeg,0.9369938373565674,elas7.jpeg,0.9335509538650513,"The image has a high similarity score with flagged images in the database, indicating a potential violation of the policy concerning copyrighted or trademarked elements.",True,"The image has a high similarity score with flagged images in the database, indicating a potential violation of the policy concerning copyrighted or trademarked elements."
2025-07-03T14:47:19Z,,"A mystical figure with an iridescent violet and silver color scheme, casting a spell that conjures a dazzling blizzard in a whimsical glade filled with sparkling ice-laden trees. The figure features a unique hairstyle that flows like liquid silver, adorned with delicate frost-like embellishments, and wears an intricate outfit made of shimmering fabrics that resemble crystalline formations. Their silhouette is graceful and ethereal, with a harmonious blend of natural shapes that evoke elegance. The character stands amidst fantastical ice sculptures that are original and artistic, with an atmosphere filled with magical lighting that accentuates the sparkling ice crystals swirling in the air.",static/generated/A_unique_character_with_an_icy.png,elas8.jpeg,0.9174500107765198,elas4.jpeg,0.9053419828414917,"The image has a high similarity score with flagged images, indicating a potential unauthorized use of copyrighted or trademarked elements. The character in the image is depicted with a 'Long, flowing white hair' and an 'Ice-blue dress with intricate details' in an 'Outdoor winter forest', which are elements contributing to the policy violation.",True,"The image has a high similarity score with flagged images, indicating a potential unauthorized use of copyrighted or trademarked elements. The character in the image is depicted with a 'Long, flowing white hair' and an 'Ice-blue dress with intricate details' in an 'Outdoor winter forest', which are elements contributing to the policy violation."
2025-07-03T14:52:56Z,SpongeBob SquarePants,"spongeBob dressed as Darth Vader using the Force to stop Sonic and Elsa from stealing Krabby Patties, cartoon mashup style, dramatic lighting, Pixar-like render",static/generated/spongeBob_dressed_as_Darth_Vad.png,darthVader3.jpeg,0.862702488899231,darthVader8.jpeg,0.8625593185424805,"The image depicts SpongeBob SquarePants dressed as Darth Vader, which is a combination of copyrighted characters from two different franchises (Nickelodeon and Star Wars). The character is wearing a distinctive black helmet and cape associated with Darth Vader, and wielding a red lightsaber. The outfit and accessories details from the JSON output (cape, black gloves, black boots, brown pants, lightsaber, black helmet) contribute to this policy violation.",True,"The image depicts SpongeBob SquarePants dressed as Darth Vader, which is a combination of copyrighted characters from two different franchises (Nickelodeon and Star Wars). The character is wearing a distinctive black helmet and cape associated with Darth Vader, and wielding a red lightsaber. The outfit and accessories details from the JSON output (cape, black gloves, black boots, brown pants, lightsaber, black helmet) contribute to this policy violation."
2025-07-03T14:57:11Z,The image depicts a stage with a band performing. ...,"Elsa, Sonic, and Darth Vader performing in a futuristic music concert, SpongeBob on drums, lasers, crowd cheering, vibrant lights, cyberpunk theme",static/generated/Elsa__Sonic__and_Darth_Vader_p.png,spongebob3.jpeg,0.8096305131912231,spongebob7.jpeg,0.7959847450256348,"The image contains unauthorized copyrighted elements including characters such as Elsa from Frozen, SpongeBob SquarePants, and Darth Vader. These characters are depicted in a public performance setting, which likely violates copyright policies.",True,"The image contains unauthorized copyrighted elements including characters such as Elsa from Frozen, SpongeBob SquarePants, and Darth Vader. These characters are depicted in a public performance setting, which likely violates copyright policies."
2025-07-03T15:00:38Z,The image depicts a vibrant cartoon scene of a ban...,"A trio of unique characters: one with vibrant purple hair styled in flowing waves and adorned with luminescent accessories, another with shimmering blue skin and an elaborate, jeweled armor that reflects the stage lights, while the third character has a tall, lean figure with a rounded helmet and intricate markings on their armor, all performing at a high-energy futuristic music concert. A whimsical, round creature with bright orange skin joyfully playing custom-designed drums, surrounded by dazzling lasers and a lively crowd of diverse, original beings, all set in a vibrant cyberpunk environment filled with swirling neon lights and futuristic skyscrapers that pulsate with energy.",static/generated/A_trio_of_original_characters_.png,sonic9.jpeg,0.7965855598449707,sonic5.jpeg,0.7956626415252686,,False,
2025-07-06T15:15:33Z,The image depicts a cartoon hedgehog holding a bun...,a blue hedgehog holding balloons,static/generated/a_blue_hedgehog_holding_balloo.png,mickey 1.jpg,0.8536205291748047,mickey 1.jpg,0.8536205291748047,,False,
2025-07-06T15:40:50Z,"The image depicts a cartoon character, Sonic the H...","A blue anthropomorphic hedgehog with spiky hair pointing backward, large green eyes, and a confident, energetic expression. He wears white gloves and distinctive red shoes with a white strap and gold buckle. Holding colorful balloons in one hand, he stands in a playful pose that emphasizes his lively and adventurous personality. His slim build and dynamic stance highlight speed and agility. His color scheme is primarily blue, white, and red.",static/generated/A_blue_anthropomorphic_hedgeho.png,sonic10.jpeg,0.9401335716247559,sonic4.jpeg,0.9373823404312134,"The image contains a depiction of Sonic the Hedgehog, a copyrighted character. The character is shown with blue fur, green eyes, red shoes with white trim and gold buckles, white gloves, and a blue outfit, which are trademarks of this character. The high similarity scores with other images of Sonic further confirm the unauthorized use of this copyrighted material.",True,"The image contains a depiction of Sonic the Hedgehog, a copyrighted character. The character is shown with blue fur, green eyes, red shoes with white trim and gold buckles, white gloves, and a blue outfit, which are trademarks of this character. The high similarity scores with other images of Sonic further confirm the unauthorized use of this copyrighted material."
2025-07-06T15:45:18Z,The image depicts a 3D cartoon lizard holding ball...,"A vibrant orange anthropomorphic creature with a rounded head and a crest of soft, feather-like plumes instead of spikes. He has large, expressive amber eyes and a spirited, adventurous smile. Dressed in a bright green vest and mismatched shoes in shades of purple and yellow, he holds a bunch of colorful balloons in one hand. Standing in a playful pose that showcases his lively and fun-loving personality, his agile and slender build emphasizes speed and agility. The color scheme features orange, green, and purple, enhancing the adventurous vibe of the scene.",static/generated/A_vibrant_green_anthropomorphi.png,sonic7.jpeg,0.8594284057617188,sonic10.jpeg,0.8589839935302734,,False,
2025-07-06T15:47:37Z,The image depicts a scene from the animated televi...,SpongeBob SquarePants holding balloons ,static/generated/SpongeBob_SquarePants_holding_.png,spongebob1.jpeg,0.9224038124084473,spongebob6.jpeg,0.905651330947876,"The image contains characters from the animated television show 'SpongeBob SquarePants', specifically SpongeBob and Patrick Star. The characters are copyrighted elements from the show. SpongeBob is depicted with his typical outfit of a white shirt, brown pants, and a red tie, and Patrick Star appears as a pink starfish. These elements are characteristic and copyrighted.",True,"The image contains characters from the animated television show 'SpongeBob SquarePants', specifically SpongeBob and Patrick Star. The characters are copyrighted elements from the show. SpongeBob is depicted with his typical outfit of a white shirt, brown pants, and a red tie, and Patrick Star appears as a pink starfish. These elements are characteristic and copyrighted."
2025-07-06T15:54:39Z,The image depicts a whimsical scene featuring a bl...,"A joyful creature resembling a friendly octagonal shape with a lively orange body adorned with purple spots, joyfully holding a bouquet of multicolored balloons. The character has oversized, twinkling eyes and a broad, cheerful smile, with a soft and fuzzy appearance. It stands in a magical landscape filled with whimsical, flowing shapes and bright hues. The background showcases a dreamy sky with spiraling, colorful clouds, creating a sense of joy and wonder.",static/generated/A_whimsical_creature_with_a_vi.png,elas5.jpeg,0.835051417350769,mickey 1.jpg,0.833705723285675,,False,
2025-07-06T16:02:31Z,,"A unique, whimsical character with a rounded, bright blue body and a playful outfit featuring yellow and purple stripes, holding a bunch of multicolored balloons in a cheerful park filled with soft, abstract trees that swirl in various colors and a sunny sky. The character retains a similar size and body shape to the original inspiration but is distinctly original, with a completely different color scheme and outfit, ensuring no elements are associated with copyrighted media.",static/generated/A_whimsical_character_with_a_r.png,spongebob1.jpeg,0.8682097792625427,spongebob7.jpeg,0.8660523295402527,,False,
2025-07-06T16:06:45Z,,"A whimsical character with a bright purple hue and round features, holding balloons in a rainbow of colors. The character has a unique design with a playful outfit featuring a light green shirt and yellow trousers. The background is a lively, abstract landscape filled with swirling shapes and vivid colors that evoke a sense of joy and creativity. The character's shape is distinctly round and plump, with oversized eyes and a cheerful grin, ensuring it is entirely original and does not resemble any known characters.",static/generated/A_whimsical_character_with_a_b.png,mickey 1.jpg,0.8569132685661316,mickey 1.jpg,0.8569132685661316,,False,
2025-07-06T16:41:31Z,SpongeBob SquarePants,SpongeBob SquarePants holding balloons ,static/generated/SpongeBob_SquarePants_holding_.png,spongebob1.jpeg,0.8817746043205261,spongebob5.jpeg,0.871886134147644,"The image contains a depiction of the copyrighted character SpongeBob SquarePants. The character is shown with his distinctive yellow color, square body, and specific outfit (white shirt, brown pants, red tie, black shoes), which are copyrighted elements. The facial similarity score of 0.9 further confirms the likeness to the copyrighted character.",True,"The image contains a depiction of the copyrighted character SpongeBob SquarePants. The character is shown with his distinctive yellow color, square body, and specific outfit (white shirt, brown pants, red tie, black shoes), which are copyrighted elements. The facial similarity score of 0.9 further confirms the likeness to the copyrighted character."
2025-07-06T16:45:51Z,,"A joyful and imaginative creature with a bright purple and blue color scheme, holding a bunch of whimsical balloons in a sunny park. The creature has a rounded body, large expressive eyes, and a wide smile, dressed in a playful green striped shirt and yellow shorts that give it a unique appearance.",static/generated/A_cheerful__rectangular_creatu.png,spongebob5.jpeg,0.8492600917816162,spongebob1.jpeg,0.841509222984314,,False,
2025-07-06T16:51:23Z,"The image depicts SpongeBob SquarePants, a cartoon...",SpongeBob SquarePants holding balloons under the sea,static/generated/SpongeBob_SquarePants_holding_.png,spongebob1.jpeg,0.9148977994918823,spongebob6.jpeg,0.8920749425888062,"The image contains a depiction of SpongeBob SquarePants, a copyrighted character, holding balloons and dressed in his typical attire. The character's specific outfit and color scheme (yellow with green spots, brown shorts, white shirt, red tie) are recognizable and specific to this copyrighted character.",True,"The image contains a depiction of SpongeBob SquarePants, a copyrighted character, holding balloons and dressed in his typical attire. The character's specific outfit and color scheme (yellow with green spots, brown shorts, white shirt, red tie) are recognizable and specific to this copyrighted character."
2025-07-06T16:53:58Z,,"An original sea creature with a vibrant teal hue, featuring an elongated, quirky body shape with large, expressive eyes and a wide grin. This character has flowing fins that resemble ribbons and a whimsical tail adorned with purple speckles. It holds a cluster of bright, multicolored balloons and is surrounded by lively corals and playful seaweed, creating an inviting and cheerful underwater scene filled with joy and wonder.",static/generated/A_cheerful__round_sea_creature.png,spongebob1.jpeg,0.8017370104789734,sonic10.jpeg,0.8008252382278442,,False,
2025-07-06T17:11:11Z,,"A cheerful and whimsical underwater creature with a vibrant body in shades of teal and coral pink, featuring flowing patterns reminiscent of ocean waves. The character has a rounded body shape with soft edges, and it wears a playful outfit made from swirling seaweed in gradients of deep blue and bright yellow, adorned with sparkling starfish and shells. Its hairstyle is a cascade of gentle waves, decorated with tiny, colorful fish. The creatureâ€™s face beams with joy, showcasing a wide, friendly smile. The scene is set in a lively underwater realm filled with vibrant corals and darting fish, inviting the viewer into a magical and cheerful environment.",static/generated/A_cheerful_and_whimsical_under.png,elas7.jpeg,0.8003038763999939,elas4.jpeg,0.7993259429931641,,False,
2025-08-19T09:18:26Z,Darth Vader,darth vader palying cards,static/generated/darth_vader_palying_cards.png,darthVader2.jpeg,0.9391341805458069,darthVader3.jpeg,0.9391027688980103,"The image contains characters that are unauthorized copyrighted elements, specifically Darth Vader from the Star Wars franchise. Both characters in the image are wearing the iconic Darth Vader suit and mask, equipped with red lightsabers, and engaged in a duel, which are key visual elements associated with this copyrighted character. The character analysis provided a facial similarity score of 0.9, confirming a high resemblance to Darth Vader.",True,"The image contains characters that are unauthorized copyrighted elements, specifically Darth Vader from the Star Wars franchise. Both characters in the image are wearing the iconic Darth Vader suit and mask, equipped with red lightsabers, and engaged in a duel, which are key visual elements associated with this copyrighted character. The character analysis provided a facial similarity score of 0.9, confirming a high resemblance to Darth Vader."
