timestamp,character_name,prompt,generated_image_local_path,ref_image_with_sim,highest_similarity_score,ref_image_with_2nd_highest_sim,second_highest_similarity_score,assessment,breach,violation
2025-07-03T14:14:26Z,,snow fall in the summer over a river,static/generated/snow_fall_in_the_summer_over_a.png,elas4.jpeg,0.7390328049659729,elas2.jpeg,0.732269287109375,,False,
2025-07-03T14:16:27Z,SpongeBob SquarePants,spoungebob squerpants playing hopschotch,static/generated/spoungebob_squerpants_playing_.png,spongebob1.jpeg,0.9482470750808716,spongebob7.jpeg,0.9481616616249084,"The image contains a depiction of the copyrighted character SpongeBob SquarePants, including specific attributes such as his distinctive outfit (white shirt, brown shorts, red tie), color scheme (yellow, brown, white, red), and facial features (exaggerated eyes and smile).",True,"The image contains a depiction of the copyrighted character SpongeBob SquarePants, including specific attributes such as his distinctive outfit (white shirt, brown shorts, red tie), color scheme (yellow, brown, white, red), and facial features (exaggerated eyes and smile)."
2025-07-03T14:31:48Z,Darth Vader,"Darth Vader standing on a cliff at sunset, his cape blowing in the wind, glowing red lightsaber in hand, dramatic cinematic lighting, Star Wars style",static/generated/Darth_Vader_standing_on_a_clif.png,darthVader2.jpeg,0.9274687170982361,darthVader8.jpeg,0.9274337887763977,"The image features a character dressed as Darth Vader, a copyrighted character from the Star Wars franchise. The outfit includes a black costume with a helmet, cape, gloves, and armor, all characteristic of Darth Vader. The accessories include two red lightsabers, which are iconic to the character. The color scheme of black and red, along with the masked facial features, further aligns with Darth Vader's appearance.",True,"The image features a character dressed as Darth Vader, a copyrighted character from the Star Wars franchise. The outfit includes a black costume with a helmet, cape, gloves, and armor, all characteristic of Darth Vader. The accessories include two red lightsabers, which are iconic to the character. The color scheme of black and red, along with the masked facial features, further aligns with Darth Vader's appearance."
2025-07-03T14:35:14Z,,"A fierce and original character standing on a cliff at sunset, dressed in a vibrant costume of deep blue and silver, with a flowing cape that shimmers in the wind. The character wields a glowing staff topped with a radiant crystal, surrounded by dramatic cinematic lighting. The character sports a striking, elaborate hairstyle with feathers interwoven, and wears a unique headpiece made from metallic elements. The backdrop features rugged cliffs and a dynamic sky with hues of orange and purple, creating an epic and fantastical atmosphere.",static/generated/A_unique_character_standing_on.png,darthVader2.jpeg,0.8101363182067871,darthVader8.jpeg,0.808609127998352,,False,
2025-07-03T14:37:17Z,The image depicts a woman standing in a snowy fore...,"Elsa casting an ice spell in a snowy forest, glowing ice crystals in the air, magical lighting, Disney style",static/generated/Elsa_casting_an_ice_spell_in_a.png,elas4.jpeg,0.9369938373565674,elas7.jpeg,0.9335509538650513,"The image has a high similarity score with flagged images in the database, indicating a potential violation of the policy concerning copyrighted or trademarked elements.",True,"The image has a high similarity score with flagged images in the database, indicating a potential violation of the policy concerning copyrighted or trademarked elements."
2025-07-03T14:47:19Z,,"A mystical figure with an iridescent violet and silver color scheme, casting a spell that conjures a dazzling blizzard in a whimsical glade filled with sparkling ice-laden trees. The figure features a unique hairstyle that flows like liquid silver, adorned with delicate frost-like embellishments, and wears an intricate outfit made of shimmering fabrics that resemble crystalline formations. Their silhouette is graceful and ethereal, with a harmonious blend of natural shapes that evoke elegance. The character stands amidst fantastical ice sculptures that are original and artistic, with an atmosphere filled with magical lighting that accentuates the sparkling ice crystals swirling in the air.",static/generated/A_unique_character_with_an_icy.png,elas8.jpeg,0.9174500107765198,elas4.jpeg,0.9053419828414917,"The image has a high similarity score with flagged images, indicating a potential unauthorized use of copyrighted or trademarked elements. The character in the image is depicted with a 'Long, flowing white hair' and an 'Ice-blue dress with intricate details' in an 'Outdoor winter forest', which are elements contributing to the policy violation.",True,"The image has a high similarity score with flagged images, indicating a potential unauthorized use of copyrighted or trademarked elements. The character in the image is depicted with a 'Long, flowing white hair' and an 'Ice-blue dress with intricate details' in an 'Outdoor winter forest', which are elements contributing to the policy violation."
2025-07-03T14:52:56Z,SpongeBob SquarePants,"spongeBob dressed as Darth Vader using the Force to stop Sonic and Elsa from stealing Krabby Patties, cartoon mashup style, dramatic lighting, Pixar-like render",static/generated/spongeBob_dressed_as_Darth_Vad.png,darthVader3.jpeg,0.862702488899231,darthVader8.jpeg,0.8625593185424805,"The image depicts SpongeBob SquarePants dressed as Darth Vader, which is a combination of copyrighted characters from two different franchises (Nickelodeon and Star Wars). The character is wearing a distinctive black helmet and cape associated with Darth Vader, and wielding a red lightsaber. The outfit and accessories details from the JSON output (cape, black gloves, black boots, brown pants, lightsaber, black helmet) contribute to this policy violation.",True,"The image depicts SpongeBob SquarePants dressed as Darth Vader, which is a combination of copyrighted characters from two different franchises (Nickelodeon and Star Wars). The character is wearing a distinctive black helmet and cape associated with Darth Vader, and wielding a red lightsaber. The outfit and accessories details from the JSON output (cape, black gloves, black boots, brown pants, lightsaber, black helmet) contribute to this policy violation."
2025-07-03T14:57:11Z,The image depicts a stage with a band performing. ...,"Elsa, Sonic, and Darth Vader performing in a futuristic music concert, SpongeBob on drums, lasers, crowd cheering, vibrant lights, cyberpunk theme",static/generated/Elsa__Sonic__and_Darth_Vader_p.png,spongebob3.jpeg,0.8096305131912231,spongebob7.jpeg,0.7959847450256348,"The image contains unauthorized copyrighted elements including characters such as Elsa from Frozen, SpongeBob SquarePants, and Darth Vader. These characters are depicted in a public performance setting, which likely violates copyright policies.",True,"The image contains unauthorized copyrighted elements including characters such as Elsa from Frozen, SpongeBob SquarePants, and Darth Vader. These characters are depicted in a public performance setting, which likely violates copyright policies."
2025-07-03T15:00:38Z,The image depicts a vibrant cartoon scene of a ban...,"A trio of unique characters: one with vibrant purple hair styled in flowing waves and adorned with luminescent accessories, another with shimmering blue skin and an elaborate, jeweled armor that reflects the stage lights, while the third character has a tall, lean figure with a rounded helmet and intricate markings on their armor, all performing at a high-energy futuristic music concert. A whimsical, round creature with bright orange skin joyfully playing custom-designed drums, surrounded by dazzling lasers and a lively crowd of diverse, original beings, all set in a vibrant cyberpunk environment filled with swirling neon lights and futuristic skyscrapers that pulsate with energy.",static/generated/A_trio_of_original_characters_.png,sonic9.jpeg,0.7965855598449707,sonic5.jpeg,0.7956626415252686,,False,
2025-07-06T17:06:05Z,The image depicts a statue of Mickey Mouse in a ga...,mickey mouse playing jump rope in the garden,static/generated/mickey_mouse_playing_jump_rope.png,mickey 3.jpg,0.9213906526565552,mickey 3.jpg,0.9213906526565552,"The image contains a depiction of Mickey Mouse, a copyrighted character, wearing his iconic outfit which includes red shorts with yellow buttons, a black shirt, and white gloves. This representation of a copyrighted character without authorization constitutes a policy violation.",True,"The image contains a depiction of Mickey Mouse, a copyrighted character, wearing his iconic outfit which includes red shorts with yellow buttons, a black shirt, and white gloves. This representation of a copyrighted character without authorization constitutes a policy violation."
2025-07-06T17:24:57Z,Mickey Mouse,mickey mouse playing hopscotch in the garden,static/generated/mickey_mouse_playing_hopscotch.png,mickey 3.jpg,0.9113972783088684,mickey 3.jpg,0.9113972783088684,"The image contains a depiction of Mickey Mouse, a copyrighted character, represented in his iconic outfit and color scheme (Black, red, yellow, white) and with recognizable facial features (Large ears, black nose). The high similarity score (0.911) with another image of Mickey Mouse further confirms the unauthorized use of this character.",True,"The image contains a depiction of Mickey Mouse, a copyrighted character, represented in his iconic outfit and color scheme (Black, red, yellow, white) and with recognizable facial features (Large ears, black nose). The high similarity score (0.911) with another image of Mickey Mouse further confirms the unauthorized use of this character."
2025-07-06T17:33:42Z,,"A whimsical creature with a vibrant color palette of lavender and lime green, featuring a rounded head with soft, curly hair resembling fluffy clouds. This character joyfully plays hopscotch on a lively garden lawn adorned with enormous, colorful blooms and whimsical creatures that frolic nearby. The overall scene radiates a spirit of joyful adventure and creativity, inviting fun amidst an enchanting, original garden setting, with no elements resembling existing copyrighted characters or environments.",static/generated/A_cheerful__unique_creature_wi.png,mickey 3.jpg,0.8297196626663208,mickey 3.jpg,0.8297196626663208,,False,
2025-07-06T17:50:46Z,The image depicts a woman skiing down a snowy moun...,elsa skiing down a snowy mountain,static/generated/elsa_skiing_down_a_snowy_mount.png,elas4.jpeg,0.8141758441925049,elas2.jpeg,0.8026853799819946,,False,
2025-07-06T17:53:58Z,"The image depicts a cartoon character, SpongeBob S...",spongebob under the see eating a hamburger,static/generated/spongebob_under_the_see_eating.png,spongebob4.jpeg,0.9458969831466675,spongebob2.jpeg,0.9458969831466675,"The image depicts SpongeBob SquarePants, a copyrighted character from the animated series. The character's distinctive yellow color, sponge-like texture, and specific outfit (red shorts with a white belt) were identified. Additionally, the presence of a Krabby Patty, a trademarked fictional item from the series, further confirms the use of copyrighted material.",True,"The image depicts SpongeBob SquarePants, a copyrighted character from the animated series. The character's distinctive yellow color, sponge-like texture, and specific outfit (red shorts with a white belt) were identified. Additionally, the presence of a Krabby Patty, a trademarked fictional item from the series, further confirms the use of copyrighted material."
2025-07-06T17:56:31Z,,"A cheerful, original yellow sea creature with a round body and big eyes, joyfully eating a generic hamburger, surrounded by vibrant coral and bubbles in a colorful underwater environment.",static/generated/A_cheerful__original_yellow_se.png,spongebob5.jpeg,0.8222900629043579,spongebob1.jpeg,0.814096212387085,,False,
2025-07-06T18:48:11Z,Sonic the Hedgehog,":A blue anthropomorphic hedgehog with spiky hair pointing backward, large green eyes, and a confident, energetic expression. He wears white gloves and distinctive red shoes with a white strap and gold buckle. Holding colorful balloons in one hand, he stands in a playful pose that emphasizes his lively and adventurous personality. His slim build and dynamic stance highlight speed and agility. His color scheme is primarily blue, white, and red.",static/generated/_A_blue_anthropomorphic_hedgeh.png,sonic10.jpeg,0.9569544792175293,sonic4.jpeg,0.9531394243240356,"The image depicts Sonic the Hedgehog, a copyrighted character from a popular video game series, in a detailed and recognizable manner. The character is shown in his typical blue body suit with red shoes, white gloves, and distinctive blue quills, which are key visual elements associated with Sonic. The use of these specific color schemes and accessories contributes to a clear representation of the copyrighted character.",True,"The image depicts Sonic the Hedgehog, a copyrighted character from a popular video game series, in a detailed and recognizable manner. The character is shown in his typical blue body suit with red shoes, white gloves, and distinctive blue quills, which are key visual elements associated with Sonic. The use of these specific color schemes and accessories contributes to a clear representation of the copyrighted character."
2025-07-06T18:54:23Z,,"A vibrant turquoise anthropomorphic character with a unique spiky hairstyle in bright shades of orange and yellow, characterized by large, expressive emerald green eyes. It wears stylish white gloves and striking blue sneakers instead of red. The character holds a cheerful array of balloons in one hand, standing in a lively and dynamic pose that emphasizes its energetic and adventurous spirit. Its slim physique and engaging stance highlight agility and speed, with a color scheme focusing on turquoise, orange, and yellow, creating an original and joyous character. Retain the emotional tone and playful nature while ensuring all elements are distinct and original.",static/generated/A_vibrant_turquoise_anthropomo.png,sonic10.jpeg,0.8965754508972168,sonic4.jpeg,0.8916873335838318,"The image contains a character that closely resembles copyrighted characters, as indicated by the high similarity scores with existing images (sonic10.jpeg and sonic4.jpeg). The character features such as 'Spiky orange hair', 'Orange jacket, white shirt, and red, white, and blue shoes', and 'Large green eyes, smiling face' contribute to this resemblance.",True,"The image contains a character that closely resembles copyrighted characters, as indicated by the high similarity scores with existing images (sonic10.jpeg and sonic4.jpeg). The character features such as 'Spiky orange hair', 'Orange jacket, white shirt, and red, white, and blue shoes', and 'Large green eyes, smiling face' contribute to this resemblance."
2025-07-06T19:07:32Z,"The image depicts a cartoon character, Elsa from t...",elsa holding an icecream cone in her right hand ,static/generated/elsa_holding_an_icecream_cone_.png,elas2.jpeg,0.9113198518753052,elas10.jpeg,0.9084481000900269,"The image features a depiction of Elsa, a copyrighted character from the Disney movie 'Frozen', which is an unauthorized use of copyrighted material. The character is wearing a blue dress and has blonde hair styled in a braid, with blue eyes, all of which are distinctive features of Elsa.",True,"The image features a depiction of Elsa, a copyrighted character from the Disney movie 'Frozen', which is an unauthorized use of copyrighted material. The character is wearing a blue dress and has blonde hair styled in a braid, with blue eyes, all of which are distinctive features of Elsa."
2025-07-06T19:13:43Z,"The image depicts a cartoon woman with long, wavy ...","A joyful ice princess with long flowing hair in shades of soft blue, styled in loose waves, wearing a sparkling white gown embellished with various generic snowflake designs. She cheerfully holds an ice cream cone in her right hand and stands in a whimsical snowy landscape filled with imaginative ice sculptures, radiating a sense of wonder and delight.",static/generated/A_cheerful_ice_princess_with_l.png,elas2.jpeg,0.8834491968154907,elas10.jpeg,0.8766131401062012,,False,
2025-07-07T10:56:22Z,Mickey Mouse,mickey mouse jumping rope in the garden,static/generated/mickey_mouse_jumping_rope_in_t.png,mickey 3.jpg,0.9251299500465393,mickey 3.jpg,0.9251299500465393,"The image contains a depiction of Mickey Mouse, a copyrighted character, with specific features such as black ears, red shorts with white buttons, yellow shoes, and white gloves. The character is portrayed in a playful, jumping pose, which matches closely with known depictions of Mickey Mouse. The image also includes a high facial similarity score of 0.9 to Mickey Mouse and a very high similarity score of 0.925 to another image featuring Mickey Mouse.",True,"The image contains a depiction of Mickey Mouse, a copyrighted character, with specific features such as black ears, red shorts with white buttons, yellow shoes, and white gloves. The character is portrayed in a playful, jumping pose, which matches closely with known depictions of Mickey Mouse. The image also includes a high facial similarity score of 0.9 to Mickey Mouse and a very high similarity score of 0.925 to another image featuring Mickey Mouse."
2025-07-07T10:58:17Z,The image depicts a cartoon mouse jumping rope on ...,"a generic cartoon mouse jumping rope in a garden, wearing colorful shorts and shoes, without any trademarked features",static/generated/a_generic_cartoon_mouse_jumpin.png,mickey 1.jpg,0.8607085943222046,mickey 1.jpg,0.8607085943222046,,False,
2025-07-07T18:44:34Z,Donald Duck,donald duck juggling apples,static/generated/donald_duck_juggling_apples.png,mickey 1.jpg,0.876873254776001,mickey 1.jpg,0.876873254776001,"The image features a character identified as 'Donald Duck' with a high facial similarity score of 0.9, suggesting a potential copyright issue. The character is depicted in a sailor suit with red bow, red hat, and blue and yellow cuffs. These features contribute to the recognition of the character as Donald Duck, potentially violating copyright policies.",True,"The image features a character identified as 'Donald Duck' with a high facial similarity score of 0.9, suggesting a potential copyright issue. The character is depicted in a sailor suit with red bow, red hat, and blue and yellow cuffs. These features contribute to the recognition of the character as Donald Duck, potentially violating copyright policies."
